{
  "docusaurus-plugin-content-docs": {
    "default": {
      "loadedVersions": [
        {
          "versionName": "current",
          "label": "Next",
          "banner": null,
          "badge": false,
          "noIndex": false,
          "className": "docs-version-current",
          "path": "/TIL/docs",
          "tagsPath": "/TIL/docs/tags",
          "editUrl": "https://github.com/facebook/docusaurus/tree/main/packages/create-docusaurus/templates/shared/docs",
          "editUrlLocalized": "https://github.com/facebook/docusaurus/tree/main/packages/create-docusaurus/templates/shared/i18n/en/docusaurus-plugin-content-docs/current",
          "isLast": true,
          "routePriority": -1,
          "sidebarFilePath": "C:\\Users\\User\\Desktop\\TIL\\sidebars.js",
          "contentPath": "C:\\Users\\User\\Desktop\\TIL\\docs",
          "contentPathLocalized": "C:\\Users\\User\\Desktop\\TIL\\i18n\\en\\docusaurus-plugin-content-docs\\current",
          "docs": [
            {
              "unversionedId": "frontend/CSS/가상 클래스 선택자",
              "id": "frontend/CSS/가상 클래스 선택자",
              "title": "가상 클래스 선택자",
              "description": "동적 가상 클래스",
              "source": "@site/docs/frontend/2-CSS/2-가상 클래스 선택자.md",
              "sourceDirName": "frontend/2-CSS",
              "slug": "/frontend/CSS/가상 클래스 선택자",
              "permalink": "/TIL/docs/frontend/CSS/가상 클래스 선택자",
              "draft": false,
              "editUrl": "https://github.com/facebook/docusaurus/tree/main/packages/create-docusaurus/templates/shared/docs/frontend/2-CSS/2-가상 클래스 선택자.md",
              "tags": [],
              "version": "current",
              "sidebarPosition": 2,
              "frontMatter": {},
              "sidebar": "frontend",
              "previous": {
                "title": "CSS 선택자",
                "permalink": "/TIL/docs/frontend/CSS/CSS 선택자"
              },
              "next": {
                "title": "단위",
                "permalink": "/TIL/docs/frontend/CSS/CSS 단위"
              }
            },
            {
              "unversionedId": "frontend/CSS/텍스트 꾸미기",
              "id": "frontend/CSS/텍스트 꾸미기",
              "title": "텍스트 꾸미기",
              "description": "색상 - color",
              "source": "@site/docs/frontend/2-CSS/4-텍스트 꾸미기.md",
              "sourceDirName": "frontend/2-CSS",
              "slug": "/frontend/CSS/텍스트 꾸미기",
              "permalink": "/TIL/docs/frontend/CSS/텍스트 꾸미기",
              "draft": false,
              "editUrl": "https://github.com/facebook/docusaurus/tree/main/packages/create-docusaurus/templates/shared/docs/frontend/2-CSS/4-텍스트 꾸미기.md",
              "tags": [],
              "version": "current",
              "sidebarPosition": 4,
              "frontMatter": {},
              "sidebar": "frontend",
              "previous": {
                "title": "단위",
                "permalink": "/TIL/docs/frontend/CSS/CSS 단위"
              },
              "next": {
                "title": "CSS Box 모델",
                "permalink": "/TIL/docs/frontend/CSS/CSS Box 모델"
              }
            },
            {
              "unversionedId": "frontend/CSS/CSS 단위",
              "id": "frontend/CSS/CSS 단위",
              "title": "단위",
              "description": "절대 길이 단위",
              "source": "@site/docs/frontend/2-CSS/3-CSS 단위.md",
              "sourceDirName": "frontend/2-CSS",
              "slug": "/frontend/CSS/CSS 단위",
              "permalink": "/TIL/docs/frontend/CSS/CSS 단위",
              "draft": false,
              "editUrl": "https://github.com/facebook/docusaurus/tree/main/packages/create-docusaurus/templates/shared/docs/frontend/2-CSS/3-CSS 단위.md",
              "tags": [],
              "version": "current",
              "sidebarPosition": 3,
              "frontMatter": {},
              "sidebar": "frontend",
              "previous": {
                "title": "가상 클래스 선택자",
                "permalink": "/TIL/docs/frontend/CSS/가상 클래스 선택자"
              },
              "next": {
                "title": "텍스트 꾸미기",
                "permalink": "/TIL/docs/frontend/CSS/텍스트 꾸미기"
              }
            },
            {
              "unversionedId": "frontend/CSS/CSS 선택자",
              "id": "frontend/CSS/CSS 선택자",
              "title": "CSS 선택자",
              "description": "전체 선택자",
              "source": "@site/docs/frontend/2-CSS/1-CSS 선택자.md",
              "sourceDirName": "frontend/2-CSS",
              "slug": "/frontend/CSS/CSS 선택자",
              "permalink": "/TIL/docs/frontend/CSS/CSS 선택자",
              "draft": false,
              "editUrl": "https://github.com/facebook/docusaurus/tree/main/packages/create-docusaurus/templates/shared/docs/frontend/2-CSS/1-CSS 선택자.md",
              "tags": [],
              "version": "current",
              "sidebarPosition": 1,
              "frontMatter": {},
              "sidebar": "frontend",
              "previous": {
                "title": "CSS 기본",
                "permalink": "/TIL/docs/frontend/CSS/CSS 적용 방법"
              },
              "next": {
                "title": "가상 클래스 선택자",
                "permalink": "/TIL/docs/frontend/CSS/가상 클래스 선택자"
              }
            },
            {
              "unversionedId": "frontend/CSS/CSS 적용 방법",
              "id": "frontend/CSS/CSS 적용 방법",
              "title": "CSS 기본",
              "description": "Intro",
              "source": "@site/docs/frontend/2-CSS/0-CSS 적용 방법.md",
              "sourceDirName": "frontend/2-CSS",
              "slug": "/frontend/CSS/CSS 적용 방법",
              "permalink": "/TIL/docs/frontend/CSS/CSS 적용 방법",
              "draft": false,
              "editUrl": "https://github.com/facebook/docusaurus/tree/main/packages/create-docusaurus/templates/shared/docs/frontend/2-CSS/0-CSS 적용 방법.md",
              "tags": [],
              "version": "current",
              "sidebarPosition": 0,
              "frontMatter": {},
              "sidebar": "frontend",
              "previous": {
                "title": "블록 / 인라인 레벨 요소",
                "permalink": "/TIL/docs/frontend/HTML/블록 인라인 레벨 요소"
              },
              "next": {
                "title": "CSS 선택자",
                "permalink": "/TIL/docs/frontend/CSS/CSS 선택자"
              }
            },
            {
              "unversionedId": "frontend/CSS/CSS Box 모델",
              "id": "frontend/CSS/CSS Box 모델",
              "title": "CSS Box 모델",
              "description": "box",
              "source": "@site/docs/frontend/2-CSS/5-CSS Box 모델.md",
              "sourceDirName": "frontend/2-CSS",
              "slug": "/frontend/CSS/CSS Box 모델",
              "permalink": "/TIL/docs/frontend/CSS/CSS Box 모델",
              "draft": false,
              "editUrl": "https://github.com/facebook/docusaurus/tree/main/packages/create-docusaurus/templates/shared/docs/frontend/2-CSS/5-CSS Box 모델.md",
              "tags": [],
              "version": "current",
              "sidebarPosition": 5,
              "frontMatter": {},
              "sidebar": "frontend",
              "previous": {
                "title": "텍스트 꾸미기",
                "permalink": "/TIL/docs/frontend/CSS/텍스트 꾸미기"
              },
              "next": {
                "title": "display",
                "permalink": "/TIL/docs/frontend/CSS/display 속성"
              }
            },
            {
              "unversionedId": "frontend/CSS/display 속성",
              "id": "frontend/CSS/display 속성",
              "title": "display",
              "description": "block",
              "source": "@site/docs/frontend/2-CSS/6-display 속성.md",
              "sourceDirName": "frontend/2-CSS",
              "slug": "/frontend/CSS/display 속성",
              "permalink": "/TIL/docs/frontend/CSS/display 속성",
              "draft": false,
              "editUrl": "https://github.com/facebook/docusaurus/tree/main/packages/create-docusaurus/templates/shared/docs/frontend/2-CSS/6-display 속성.md",
              "tags": [],
              "version": "current",
              "sidebarPosition": 6,
              "frontMatter": {},
              "sidebar": "frontend",
              "previous": {
                "title": "CSS Box 모델",
                "permalink": "/TIL/docs/frontend/CSS/CSS Box 모델"
              },
              "next": {
                "title": "position",
                "permalink": "/TIL/docs/frontend/CSS/position 속성"
              }
            },
            {
              "unversionedId": "frontend/CSS/Flex",
              "id": "frontend/CSS/Flex",
              "title": "Flex",
              "description": "- Flexible Box 의 약어이다.",
              "source": "@site/docs/frontend/2-CSS/8-Flex.md",
              "sourceDirName": "frontend/2-CSS",
              "slug": "/frontend/CSS/Flex",
              "permalink": "/TIL/docs/frontend/CSS/Flex",
              "draft": false,
              "editUrl": "https://github.com/facebook/docusaurus/tree/main/packages/create-docusaurus/templates/shared/docs/frontend/2-CSS/8-Flex.md",
              "tags": [],
              "version": "current",
              "sidebarPosition": 8,
              "frontMatter": {},
              "sidebar": "frontend",
              "previous": {
                "title": "position",
                "permalink": "/TIL/docs/frontend/CSS/position 속성"
              },
              "next": {
                "title": "Grid",
                "permalink": "/TIL/docs/frontend/CSS/Grid"
              }
            },
            {
              "unversionedId": "frontend/CSS/Grid",
              "id": "frontend/CSS/Grid",
              "title": "Grid",
              "description": "- 두 방향 (x, y축) 2차원 레이아웃 시스템이다.",
              "source": "@site/docs/frontend/2-CSS/9-Grid.md",
              "sourceDirName": "frontend/2-CSS",
              "slug": "/frontend/CSS/Grid",
              "permalink": "/TIL/docs/frontend/CSS/Grid",
              "draft": false,
              "editUrl": "https://github.com/facebook/docusaurus/tree/main/packages/create-docusaurus/templates/shared/docs/frontend/2-CSS/9-Grid.md",
              "tags": [],
              "version": "current",
              "sidebarPosition": 9,
              "frontMatter": {},
              "sidebar": "frontend",
              "previous": {
                "title": "Flex",
                "permalink": "/TIL/docs/frontend/CSS/Flex"
              },
              "next": {
                "title": "SVG",
                "permalink": "/TIL/docs/frontend/CSS/SVG"
              }
            },
            {
              "unversionedId": "frontend/CSS/position 속성",
              "id": "frontend/CSS/position 속성",
              "title": "position",
              "description": "- HTML 문서 상에서 태그를 배치하는 방법을 지정",
              "source": "@site/docs/frontend/2-CSS/7-position 속성.md",
              "sourceDirName": "frontend/2-CSS",
              "slug": "/frontend/CSS/position 속성",
              "permalink": "/TIL/docs/frontend/CSS/position 속성",
              "draft": false,
              "editUrl": "https://github.com/facebook/docusaurus/tree/main/packages/create-docusaurus/templates/shared/docs/frontend/2-CSS/7-position 속성.md",
              "tags": [],
              "version": "current",
              "sidebarPosition": 7,
              "frontMatter": {},
              "sidebar": "frontend",
              "previous": {
                "title": "display",
                "permalink": "/TIL/docs/frontend/CSS/display 속성"
              },
              "next": {
                "title": "Flex",
                "permalink": "/TIL/docs/frontend/CSS/Flex"
              }
            },
            {
              "unversionedId": "frontend/CSS/SVG",
              "id": "frontend/CSS/SVG",
              "title": "SVG",
              "description": "- 확장 가능한 벡터 그래픽이다. (Scalable Vector Graphics)",
              "source": "@site/docs/frontend/2-CSS/10-SVG.md",
              "sourceDirName": "frontend/2-CSS",
              "slug": "/frontend/CSS/SVG",
              "permalink": "/TIL/docs/frontend/CSS/SVG",
              "draft": false,
              "editUrl": "https://github.com/facebook/docusaurus/tree/main/packages/create-docusaurus/templates/shared/docs/frontend/2-CSS/10-SVG.md",
              "tags": [],
              "version": "current",
              "sidebarPosition": 10,
              "frontMatter": {},
              "sidebar": "frontend",
              "previous": {
                "title": "Grid",
                "permalink": "/TIL/docs/frontend/CSS/Grid"
              },
              "next": {
                "title": "함수",
                "permalink": "/TIL/docs/frontend/Javascript/함수"
              }
            },
            {
              "unversionedId": "frontend/HTML/목록 태그",
              "id": "frontend/HTML/목록 태그",
              "title": "목록 태그",
              "description": "li 태그",
              "source": "@site/docs/frontend/1-HTML/2-목록 태그.md",
              "sourceDirName": "frontend/1-HTML",
              "slug": "/frontend/HTML/목록 태그",
              "permalink": "/TIL/docs/frontend/HTML/목록 태그",
              "draft": false,
              "editUrl": "https://github.com/facebook/docusaurus/tree/main/packages/create-docusaurus/templates/shared/docs/frontend/1-HTML/2-목록 태그.md",
              "tags": [],
              "version": "current",
              "sidebarPosition": 2,
              "frontMatter": {},
              "sidebar": "frontend",
              "previous": {
                "title": "텍스트 태그",
                "permalink": "/TIL/docs/frontend/HTML/텍스트 태그"
              },
              "next": {
                "title": "블록 / 인라인 레벨 요소",
                "permalink": "/TIL/docs/frontend/HTML/블록 인라인 레벨 요소"
              }
            },
            {
              "unversionedId": "frontend/HTML/블록 인라인 레벨 요소",
              "id": "frontend/HTML/블록 인라인 레벨 요소",
              "title": "블록 / 인라인 레벨 요소",
              "description": "block",
              "source": "@site/docs/frontend/1-HTML/3-블록 인라인 레벨 요소.md",
              "sourceDirName": "frontend/1-HTML",
              "slug": "/frontend/HTML/블록 인라인 레벨 요소",
              "permalink": "/TIL/docs/frontend/HTML/블록 인라인 레벨 요소",
              "draft": false,
              "editUrl": "https://github.com/facebook/docusaurus/tree/main/packages/create-docusaurus/templates/shared/docs/frontend/1-HTML/3-블록 인라인 레벨 요소.md",
              "tags": [],
              "version": "current",
              "sidebarPosition": 3,
              "frontMatter": {},
              "sidebar": "frontend",
              "previous": {
                "title": "목록 태그",
                "permalink": "/TIL/docs/frontend/HTML/목록 태그"
              },
              "next": {
                "title": "CSS 기본",
                "permalink": "/TIL/docs/frontend/CSS/CSS 적용 방법"
              }
            },
            {
              "unversionedId": "frontend/HTML/텍스트 태그",
              "id": "frontend/HTML/텍스트 태그",
              "title": "텍스트 태그",
              "description": "Heading 태그",
              "source": "@site/docs/frontend/1-HTML/1-텍스트 태그.md",
              "sourceDirName": "frontend/1-HTML",
              "slug": "/frontend/HTML/텍스트 태그",
              "permalink": "/TIL/docs/frontend/HTML/텍스트 태그",
              "draft": false,
              "editUrl": "https://github.com/facebook/docusaurus/tree/main/packages/create-docusaurus/templates/shared/docs/frontend/1-HTML/1-텍스트 태그.md",
              "tags": [],
              "version": "current",
              "sidebarPosition": 1,
              "frontMatter": {},
              "sidebar": "frontend",
              "previous": {
                "title": "HTML 문서 구조",
                "permalink": "/TIL/docs/frontend/HTML/HTML 문서 구조"
              },
              "next": {
                "title": "목록 태그",
                "permalink": "/TIL/docs/frontend/HTML/목록 태그"
              }
            },
            {
              "unversionedId": "frontend/HTML/HTML 문서 구조",
              "id": "frontend/HTML/HTML 문서 구조",
              "title": "HTML 문서 구조",
              "description": "Intro",
              "source": "@site/docs/frontend/1-HTML/0-HTML 문서 구조.md",
              "sourceDirName": "frontend/1-HTML",
              "slug": "/frontend/HTML/HTML 문서 구조",
              "permalink": "/TIL/docs/frontend/HTML/HTML 문서 구조",
              "draft": false,
              "editUrl": "https://github.com/facebook/docusaurus/tree/main/packages/create-docusaurus/templates/shared/docs/frontend/1-HTML/0-HTML 문서 구조.md",
              "tags": [],
              "version": "current",
              "sidebarPosition": 0,
              "frontMatter": {},
              "sidebar": "frontend",
              "previous": {
                "title": "intro",
                "permalink": "/TIL/docs/frontend/intro"
              },
              "next": {
                "title": "텍스트 태그",
                "permalink": "/TIL/docs/frontend/HTML/텍스트 태그"
              }
            },
            {
              "unversionedId": "frontend/intro",
              "id": "frontend/intro",
              "title": "intro",
              "description": "Create a doc page with rich content.",
              "source": "@site/docs/frontend/0-intro.md",
              "sourceDirName": "frontend",
              "slug": "/frontend/intro",
              "permalink": "/TIL/docs/frontend/intro",
              "draft": false,
              "editUrl": "https://github.com/facebook/docusaurus/tree/main/packages/create-docusaurus/templates/shared/docs/frontend/0-intro.md",
              "tags": [],
              "version": "current",
              "sidebarPosition": 0,
              "frontMatter": {
                "description": "Create a doc page with rich content."
              },
              "sidebar": "frontend",
              "next": {
                "title": "HTML 문서 구조",
                "permalink": "/TIL/docs/frontend/HTML/HTML 문서 구조"
              }
            },
            {
              "unversionedId": "frontend/Javascript/함수",
              "id": "frontend/Javascript/함수",
              "title": "함수",
              "description": "함수",
              "source": "@site/docs/frontend/3-Javascript/05-함수.md",
              "sourceDirName": "frontend/3-Javascript",
              "slug": "/frontend/Javascript/함수",
              "permalink": "/TIL/docs/frontend/Javascript/함수",
              "draft": false,
              "editUrl": "https://github.com/facebook/docusaurus/tree/main/packages/create-docusaurus/templates/shared/docs/frontend/3-Javascript/05-함수.md",
              "tags": [],
              "version": "current",
              "sidebarPosition": 5,
              "frontMatter": {},
              "sidebar": "frontend",
              "previous": {
                "title": "SVG",
                "permalink": "/TIL/docs/frontend/CSS/SVG"
              },
              "next": {
                "title": "타입시스템",
                "permalink": "/TIL/docs/frontend/Typescript/타입시스템"
              }
            },
            {
              "unversionedId": "frontend/Typescript/타입",
              "id": "frontend/Typescript/타입",
              "title": "타입",
              "description": "타입",
              "source": "@site/docs/frontend/4-Typescript/1-타입.md",
              "sourceDirName": "frontend/4-Typescript",
              "slug": "/frontend/Typescript/타입",
              "permalink": "/TIL/docs/frontend/Typescript/타입",
              "draft": false,
              "editUrl": "https://github.com/facebook/docusaurus/tree/main/packages/create-docusaurus/templates/shared/docs/frontend/4-Typescript/1-타입.md",
              "tags": [],
              "version": "current",
              "sidebarPosition": 1,
              "frontMatter": {},
              "sidebar": "frontend",
              "previous": {
                "title": "타입시스템",
                "permalink": "/TIL/docs/frontend/Typescript/타입시스템"
              }
            },
            {
              "unversionedId": "frontend/Typescript/타입시스템",
              "id": "frontend/Typescript/타입시스템",
              "title": "타입시스템",
              "description": "타입 시스템",
              "source": "@site/docs/frontend/4-Typescript/0-타입시스템.md",
              "sourceDirName": "frontend/4-Typescript",
              "slug": "/frontend/Typescript/타입시스템",
              "permalink": "/TIL/docs/frontend/Typescript/타입시스템",
              "draft": false,
              "editUrl": "https://github.com/facebook/docusaurus/tree/main/packages/create-docusaurus/templates/shared/docs/frontend/4-Typescript/0-타입시스템.md",
              "tags": [],
              "version": "current",
              "sidebarPosition": 0,
              "frontMatter": {},
              "sidebar": "frontend",
              "previous": {
                "title": "함수",
                "permalink": "/TIL/docs/frontend/Javascript/함수"
              },
              "next": {
                "title": "타입",
                "permalink": "/TIL/docs/frontend/Typescript/타입"
              }
            }
          ],
          "drafts": [],
          "sidebars": {
            "frontend": [
              {
                "type": "doc",
                "id": "frontend/intro"
              },
              {
                "type": "category",
                "label": "HTML",
                "collapsible": true,
                "collapsed": true,
                "items": [
                  {
                    "type": "doc",
                    "id": "frontend/HTML/HTML 문서 구조"
                  },
                  {
                    "type": "doc",
                    "id": "frontend/HTML/텍스트 태그"
                  },
                  {
                    "type": "doc",
                    "id": "frontend/HTML/목록 태그"
                  },
                  {
                    "type": "doc",
                    "id": "frontend/HTML/블록 인라인 레벨 요소"
                  }
                ]
              },
              {
                "type": "category",
                "label": "CSS",
                "collapsible": true,
                "collapsed": true,
                "items": [
                  {
                    "type": "doc",
                    "id": "frontend/CSS/CSS 적용 방법"
                  },
                  {
                    "type": "doc",
                    "id": "frontend/CSS/CSS 선택자"
                  },
                  {
                    "type": "doc",
                    "id": "frontend/CSS/가상 클래스 선택자"
                  },
                  {
                    "type": "doc",
                    "id": "frontend/CSS/CSS 단위"
                  },
                  {
                    "type": "doc",
                    "id": "frontend/CSS/텍스트 꾸미기"
                  },
                  {
                    "type": "doc",
                    "id": "frontend/CSS/CSS Box 모델"
                  },
                  {
                    "type": "doc",
                    "id": "frontend/CSS/display 속성"
                  },
                  {
                    "type": "doc",
                    "id": "frontend/CSS/position 속성"
                  },
                  {
                    "type": "doc",
                    "id": "frontend/CSS/Flex"
                  },
                  {
                    "type": "doc",
                    "id": "frontend/CSS/Grid"
                  },
                  {
                    "type": "doc",
                    "id": "frontend/CSS/SVG"
                  }
                ]
              },
              {
                "type": "category",
                "label": "Javascript",
                "collapsible": true,
                "collapsed": true,
                "items": [
                  {
                    "type": "doc",
                    "id": "frontend/Javascript/함수"
                  }
                ]
              },
              {
                "type": "category",
                "label": "Typescript",
                "collapsible": true,
                "collapsed": true,
                "items": [
                  {
                    "type": "doc",
                    "id": "frontend/Typescript/타입시스템"
                  },
                  {
                    "type": "doc",
                    "id": "frontend/Typescript/타입"
                  }
                ]
              }
            ]
          }
        }
      ]
    }
  },
  "docusaurus-plugin-content-blog": {
    "default": {
      "blogSidebarTitle": "Recent posts",
      "blogPosts": [],
      "blogListPaginated": [],
      "blogTags": {},
      "blogTagsListPath": "/TIL/blog/tags",
      "blogTagsPaginated": []
    }
  },
  "docusaurus-plugin-content-pages": {
    "default": [
      {
        "type": "jsx",
        "permalink": "/TIL/",
        "source": "@site/src/pages/index.tsx"
      }
    ]
  },
  "docusaurus-plugin-debug": {},
  "docusaurus-theme-classic": {},
  "docusaurus-bootstrap-plugin": {},
  "docusaurus-mdx-fallback-plugin": {}
}