{
  "unversionedId": "intro",
  "id": "intro",
  "title": "안녕하세요",
  "description": "Create a doc page with rich content.",
  "source": "@site/docs/intro.md",
  "sourceDirName": ".",
  "slug": "/intro",
  "permalink": "/TIL/docs/intro",
  "draft": false,
  "editUrl": "https://github.com/facebook/docusaurus/tree/main/packages/create-docusaurus/templates/shared/docs/intro.md",
  "tags": [],
  "version": "current",
  "frontMatter": {
    "description": "Create a doc page with rich content."
  }
}