{
  "unversionedId": "frontend/javascript/함수",
  "id": "frontend/javascript/함수",
  "title": "함수",
  "description": "함수",
  "source": "@site/docs/frontend/javascript/05-함수.md",
  "sourceDirName": "frontend/javascript",
  "slug": "/frontend/javascript/함수",
  "permalink": "/TIL/docs/frontend/javascript/함수",
  "draft": false,
  "editUrl": "https://github.com/facebook/docusaurus/tree/main/packages/create-docusaurus/templates/shared/docs/frontend/javascript/05-함수.md",
  "tags": [],
  "version": "current",
  "sidebarPosition": 5,
  "frontMatter": {},
  "sidebar": "frontend",
  "previous": {
    "title": "asdf",
    "permalink": "/TIL/docs/frontend/CSS/asdf"
  },
  "next": {
    "title": "타입시스템",
    "permalink": "/TIL/docs/frontend/typescript/타입시스템"
  }
}