{
  "unversionedId": "frontend/typescript/hello",
  "id": "frontend/typescript/hello",
  "title": "hello",
  "description": "",
  "source": "@site/docs/frontend/typescript/hello.md",
  "sourceDirName": "frontend/typescript",
  "slug": "/frontend/typescript/hello",
  "permalink": "/TIL/docs/frontend/typescript/hello",
  "draft": false,
  "editUrl": "https://github.com/facebook/docusaurus/tree/main/packages/create-docusaurus/templates/shared/docs/frontend/typescript/hello.md",
  "tags": [],
  "version": "current",
  "frontMatter": {},
  "sidebar": "frontend",
  "previous": {
    "title": "안녕하세요",
    "permalink": "/TIL/docs/frontend/intro"
  },
  "next": {
    "title": "안녕하세요",
    "permalink": "/TIL/docs/frontend/typescript/intro"
  }
}