{
  "unversionedId": "frontend/CSS/텍스트 꾸미기",
  "id": "frontend/CSS/텍스트 꾸미기",
  "title": "텍스트 꾸미기",
  "description": "색상 - color",
  "source": "@site/docs/frontend/2-CSS/4-텍스트 꾸미기.md",
  "sourceDirName": "frontend/2-CSS",
  "slug": "/frontend/CSS/텍스트 꾸미기",
  "permalink": "/TIL/docs/frontend/CSS/텍스트 꾸미기",
  "draft": false,
  "editUrl": "https://github.com/facebook/docusaurus/tree/main/packages/create-docusaurus/templates/shared/docs/frontend/2-CSS/4-텍스트 꾸미기.md",
  "tags": [],
  "version": "current",
  "sidebarPosition": 4,
  "frontMatter": {},
  "sidebar": "frontend",
  "previous": {
    "title": "단위",
    "permalink": "/TIL/docs/frontend/CSS/CSS 단위"
  },
  "next": {
    "title": "CSS Box 모델",
    "permalink": "/TIL/docs/frontend/CSS/CSS Box 모델"
  }
}