{
  "unversionedId": "tutorial-basics/create-a-document",
  "id": "tutorial-basics/create-a-document",
  "title": "Create a Document",
  "description": "Documents are groups of pages connected through:",
  "source": "@site/docs/tutorial-basics/create-a-document.md",
  "sourceDirName": "tutorial-basics",
  "slug": "/tutorial-basics/create-a-document",
  "permalink": "/TIL/docs/tutorial-basics/create-a-document",
  "draft": false,
  "editUrl": "https://github.com/facebook/docusaurus/tree/main/packages/create-docusaurus/templates/shared/docs/tutorial-basics/create-a-document.md",
  "tags": [],
  "version": "current",
  "sidebarPosition": 2,
  "frontMatter": {
    "sidebar_position": 2
  },
  "sidebar": "tutorialSidebar",
  "previous": {
    "title": "Create a Page",
    "permalink": "/TIL/docs/tutorial-basics/create-a-page"
  },
  "next": {
    "title": "Create a Blog Post",
    "permalink": "/TIL/docs/tutorial-basics/create-a-blog-post"
  }
}