{
  "unversionedId": "frontend/CSS/position 속성",
  "id": "frontend/CSS/position 속성",
  "title": "position",
  "description": "- HTML 문서 상에서 태그를 배치하는 방법을 지정",
  "source": "@site/docs/frontend/2-CSS/7-position 속성.md",
  "sourceDirName": "frontend/2-CSS",
  "slug": "/frontend/CSS/position 속성",
  "permalink": "/TIL/docs/frontend/CSS/position 속성",
  "draft": false,
  "editUrl": "https://github.com/facebook/docusaurus/tree/main/packages/create-docusaurus/templates/shared/docs/frontend/2-CSS/7-position 속성.md",
  "tags": [],
  "version": "current",
  "sidebarPosition": 7,
  "frontMatter": {},
  "sidebar": "frontend",
  "previous": {
    "title": "display",
    "permalink": "/TIL/docs/frontend/CSS/display 속성"
  },
  "next": {
    "title": "Flex",
    "permalink": "/TIL/docs/frontend/CSS/Flex"
  }
}