{
  "unversionedId": "frontend/CSS/SVG",
  "id": "frontend/CSS/SVG",
  "title": "SVG",
  "description": "- 확장 가능한 벡터 그래픽이다. (Scalable Vector Graphics)",
  "source": "@site/docs/frontend/2-CSS/10-SVG.md",
  "sourceDirName": "frontend/2-CSS",
  "slug": "/frontend/CSS/SVG",
  "permalink": "/TIL/docs/frontend/CSS/SVG",
  "draft": false,
  "editUrl": "https://github.com/facebook/docusaurus/tree/main/packages/create-docusaurus/templates/shared/docs/frontend/2-CSS/10-SVG.md",
  "tags": [],
  "version": "current",
  "sidebarPosition": 10,
  "frontMatter": {},
  "sidebar": "frontend",
  "previous": {
    "title": "Grid",
    "permalink": "/TIL/docs/frontend/CSS/Grid"
  },
  "next": {
    "title": "함수",
    "permalink": "/TIL/docs/frontend/Javascript/함수"
  }
}