{
  "unversionedId": "frontend/CSS/asdf",
  "id": "frontend/CSS/asdf",
  "title": "asdf",
  "description": "",
  "source": "@site/docs/frontend/1-CSS/asdf.md",
  "sourceDirName": "frontend/1-CSS",
  "slug": "/frontend/CSS/asdf",
  "permalink": "/TIL/docs/frontend/CSS/asdf",
  "draft": false,
  "editUrl": "https://github.com/facebook/docusaurus/tree/main/packages/create-docusaurus/templates/shared/docs/frontend/1-CSS/asdf.md",
  "tags": [],
  "version": "current",
  "frontMatter": {},
  "sidebar": "frontend",
  "previous": {
    "title": "intro",
    "permalink": "/TIL/docs/frontend/intro"
  },
  "next": {
    "title": "HTML 문서 구조",
    "permalink": "/TIL/docs/frontend/HTML/HTML 문서 구조"
  }
}