{
  "unversionedId": "frontend/typescript/타입시스템",
  "id": "frontend/typescript/타입시스템",
  "title": "타입시스템",
  "description": "타입 시스템",
  "source": "@site/docs/frontend/typescript/0-타입시스템.md",
  "sourceDirName": "frontend/typescript",
  "slug": "/frontend/typescript/타입시스템",
  "permalink": "/TIL/docs/frontend/typescript/타입시스템",
  "draft": false,
  "editUrl": "https://github.com/facebook/docusaurus/tree/main/packages/create-docusaurus/templates/shared/docs/frontend/typescript/0-타입시스템.md",
  "tags": [],
  "version": "current",
  "sidebarPosition": 0,
  "frontMatter": {},
  "sidebar": "frontend",
  "previous": {
    "title": "함수",
    "permalink": "/TIL/docs/frontend/Javascript/함수"
  },
  "next": {
    "title": "타입",
    "permalink": "/TIL/docs/frontend/typescript/타입"
  }
}