{
  "unversionedId": "frontend/HTML/텍스트 태그",
  "id": "frontend/HTML/텍스트 태그",
  "title": "텍스트 태그",
  "description": "Heading 태그",
  "source": "@site/docs/frontend/2-HTML/1-텍스트 태그.md",
  "sourceDirName": "frontend/2-HTML",
  "slug": "/frontend/HTML/텍스트 태그",
  "permalink": "/TIL/docs/frontend/HTML/텍스트 태그",
  "draft": false,
  "editUrl": "https://github.com/facebook/docusaurus/tree/main/packages/create-docusaurus/templates/shared/docs/frontend/2-HTML/1-텍스트 태그.md",
  "tags": [],
  "version": "current",
  "sidebarPosition": 1,
  "frontMatter": {},
  "sidebar": "frontend",
  "previous": {
    "title": "HTML 문서 구조",
    "permalink": "/TIL/docs/frontend/HTML/HTML 문서 구조"
  },
  "next": {
    "title": "함수",
    "permalink": "/TIL/docs/frontend/Javascript/함수"
  }
}