{
  "unversionedId": "frontend/CSS/display 속성",
  "id": "frontend/CSS/display 속성",
  "title": "display",
  "description": "block",
  "source": "@site/docs/frontend/2-CSS/7-display 속성.md",
  "sourceDirName": "frontend/2-CSS",
  "slug": "/frontend/CSS/display 속성",
  "permalink": "/TIL/docs/frontend/CSS/display 속성",
  "draft": false,
  "editUrl": "https://github.com/facebook/docusaurus/tree/main/packages/create-docusaurus/templates/shared/docs/frontend/2-CSS/7-display 속성.md",
  "tags": [],
  "version": "current",
  "sidebarPosition": 7,
  "frontMatter": {},
  "sidebar": "frontend",
  "previous": {
    "title": "CSS Box 모델",
    "permalink": "/TIL/docs/frontend/CSS/CSS Box 모델"
  },
  "next": {
    "title": "position",
    "permalink": "/TIL/docs/frontend/CSS/position 속성"
  }
}