{
  "unversionedId": "tutorial-extras/greeting",
  "id": "tutorial-extras/greeting",
  "title": "greeting",
  "description": "ddd",
  "source": "@site/docs/tutorial-extras/greeting.md",
  "sourceDirName": "tutorial-extras",
  "slug": "/tutorial-extras/greeting",
  "permalink": "/TIL/docs/tutorial-extras/greeting",
  "draft": false,
  "editUrl": "https://github.com/facebook/docusaurus/tree/main/packages/create-docusaurus/templates/shared/docs/tutorial-extras/greeting.md",
  "tags": [],
  "version": "current",
  "frontMatter": {},
  "sidebar": "tutorialSidebar",
  "previous": {
    "title": "Translate your site",
    "permalink": "/TIL/docs/tutorial-extras/translate-your-site"
  }
}