{
  "unversionedId": "frontend/HTML/텍스트 꾸미기",
  "id": "frontend/HTML/텍스트 꾸미기",
  "title": "텍스트 꾸미기",
  "description": "색상 - color",
  "source": "@site/docs/frontend/1-HTML/2-텍스트 꾸미기.md",
  "sourceDirName": "frontend/1-HTML",
  "slug": "/frontend/HTML/텍스트 꾸미기",
  "permalink": "/TIL/docs/frontend/HTML/텍스트 꾸미기",
  "draft": false,
  "editUrl": "https://github.com/facebook/docusaurus/tree/main/packages/create-docusaurus/templates/shared/docs/frontend/1-HTML/2-텍스트 꾸미기.md",
  "tags": [],
  "version": "current",
  "sidebarPosition": 2,
  "frontMatter": {},
  "sidebar": "frontend",
  "previous": {
    "title": "텍스트 태그",
    "permalink": "/TIL/docs/frontend/HTML/텍스트 태그"
  },
  "next": {
    "title": "목록 태그",
    "permalink": "/TIL/docs/frontend/HTML/목록 태그"
  }
}