{
  "unversionedId": "frontend/typescript/intro",
  "id": "frontend/typescript/intro",
  "title": "안녕하세요",
  "description": "Create a doc page with rich content.",
  "source": "@site/docs/frontend/typescript/intro.md",
  "sourceDirName": "frontend/typescript",
  "slug": "/frontend/typescript/intro",
  "permalink": "/TIL/docs/frontend/typescript/intro",
  "draft": false,
  "editUrl": "https://github.com/facebook/docusaurus/tree/main/packages/create-docusaurus/templates/shared/docs/frontend/typescript/intro.md",
  "tags": [],
  "version": "current",
  "frontMatter": {
    "description": "Create a doc page with rich content."
  },
  "sidebar": "frontend",
  "previous": {
    "title": "안녕하세요",
    "permalink": "/TIL/docs/frontend/intro"
  }
}