{
  "unversionedId": "frontend/CSS/블록/인라인 레벨 요소",
  "id": "frontend/CSS/블록/인라인 레벨 요소",
  "title": "블록 / 인라인 레벨 요소",
  "description": "block",
  "source": "@site/docs/frontend/2-CSS/5-블록/인라인 레벨 요소.md",
  "sourceDirName": "frontend/2-CSS/5-블록",
  "slug": "/frontend/CSS/블록/인라인 레벨 요소",
  "permalink": "/TIL/docs/frontend/CSS/블록/인라인 레벨 요소",
  "draft": false,
  "editUrl": "https://github.com/facebook/docusaurus/tree/main/packages/create-docusaurus/templates/shared/docs/frontend/2-CSS/5-블록/인라인 레벨 요소.md",
  "tags": [],
  "version": "current",
  "frontMatter": {},
  "sidebar": "frontend",
  "previous": {
    "title": "가상 클래스 선택자",
    "permalink": "/TIL/docs/frontend/CSS/가상 클래스 선택자"
  },
  "next": {
    "title": "함수",
    "permalink": "/TIL/docs/frontend/Javascript/함수"
  }
}