{
  "unversionedId": "frontend/CSS/position",
  "id": "frontend/CSS/position",
  "title": "position",
  "description": "",
  "source": "@site/docs/frontend/2-CSS/8-position.md",
  "sourceDirName": "frontend/2-CSS",
  "slug": "/frontend/CSS/position",
  "permalink": "/TIL/docs/frontend/CSS/position",
  "draft": false,
  "editUrl": "https://github.com/facebook/docusaurus/tree/main/packages/create-docusaurus/templates/shared/docs/frontend/2-CSS/8-position.md",
  "tags": [],
  "version": "current",
  "sidebarPosition": 8,
  "frontMatter": {},
  "sidebar": "frontend",
  "previous": {
    "title": "display 속성",
    "permalink": "/TIL/docs/frontend/CSS/display 속성"
  },
  "next": {
    "title": "함수",
    "permalink": "/TIL/docs/frontend/Javascript/함수"
  }
}