{
  "unversionedId": "gretting",
  "id": "gretting",
  "title": "gretting",
  "description": "",
  "source": "@site/docs/gretting.md",
  "sourceDirName": ".",
  "slug": "/gretting",
  "permalink": "/TIL/docs/gretting",
  "draft": false,
  "editUrl": "https://github.com/facebook/docusaurus/tree/main/packages/create-docusaurus/templates/shared/docs/gretting.md",
  "tags": [],
  "version": "current",
  "frontMatter": {},
  "sidebar": "tutorialSidebar",
  "previous": {
    "title": "Translate your site",
    "permalink": "/TIL/docs/tutorial-extras/translate-your-site"
  }
}