{
  "unversionedId": "frontend/CSS/CSS 선택자",
  "id": "frontend/CSS/CSS 선택자",
  "title": "CSS 선택자",
  "description": "전체 선택자",
  "source": "@site/docs/frontend/2-CSS/1-CSS 선택자.md",
  "sourceDirName": "frontend/2-CSS",
  "slug": "/frontend/CSS/CSS 선택자",
  "permalink": "/TIL/docs/frontend/CSS/CSS 선택자",
  "draft": false,
  "editUrl": "https://github.com/facebook/docusaurus/tree/main/packages/create-docusaurus/templates/shared/docs/frontend/2-CSS/1-CSS 선택자.md",
  "tags": [],
  "version": "current",
  "sidebarPosition": 1,
  "frontMatter": {},
  "sidebar": "frontend",
  "previous": {
    "title": "CSS 기본",
    "permalink": "/TIL/docs/frontend/CSS/CSS 적용 방법"
  },
  "next": {
    "title": "가상 클래스 선택자",
    "permalink": "/TIL/docs/frontend/CSS/가상 클래스 선택자"
  }
}