{
  "unversionedId": "frontend/CSS/Grid",
  "id": "frontend/CSS/Grid",
  "title": "Grid",
  "description": "- 두 방향 (x, y축) 2차원 레이아웃 시스템이다.",
  "source": "@site/docs/frontend/2-CSS/9-Grid.md",
  "sourceDirName": "frontend/2-CSS",
  "slug": "/frontend/CSS/Grid",
  "permalink": "/TIL/docs/frontend/CSS/Grid",
  "draft": false,
  "editUrl": "https://github.com/facebook/docusaurus/tree/main/packages/create-docusaurus/templates/shared/docs/frontend/2-CSS/9-Grid.md",
  "tags": [],
  "version": "current",
  "sidebarPosition": 9,
  "frontMatter": {},
  "sidebar": "frontend",
  "previous": {
    "title": "Flex",
    "permalink": "/TIL/docs/frontend/CSS/Flex"
  },
  "next": {
    "title": "SVG",
    "permalink": "/TIL/docs/frontend/CSS/SVG"
  }
}