{
  "unversionedId": "frontend/CSS/Flex",
  "id": "frontend/CSS/Flex",
  "title": "Flex",
  "description": "- Flexible Box 의 약어이다.",
  "source": "@site/docs/frontend/2-CSS/8-Flex.md",
  "sourceDirName": "frontend/2-CSS",
  "slug": "/frontend/CSS/Flex",
  "permalink": "/TIL/docs/frontend/CSS/Flex",
  "draft": false,
  "editUrl": "https://github.com/facebook/docusaurus/tree/main/packages/create-docusaurus/templates/shared/docs/frontend/2-CSS/8-Flex.md",
  "tags": [],
  "version": "current",
  "sidebarPosition": 8,
  "frontMatter": {},
  "sidebar": "frontend",
  "previous": {
    "title": "position",
    "permalink": "/TIL/docs/frontend/CSS/position 속성"
  },
  "next": {
    "title": "Grid",
    "permalink": "/TIL/docs/frontend/CSS/Grid"
  }
}