{
  "unversionedId": "frontend/CSS/CSS 적용 방법",
  "id": "frontend/CSS/CSS 적용 방법",
  "title": "CSS 기본",
  "description": "Intro",
  "source": "@site/docs/frontend/2-CSS/0-CSS 적용 방법.md",
  "sourceDirName": "frontend/2-CSS",
  "slug": "/frontend/CSS/CSS 적용 방법",
  "permalink": "/TIL/docs/frontend/CSS/CSS 적용 방법",
  "draft": false,
  "editUrl": "https://github.com/facebook/docusaurus/tree/main/packages/create-docusaurus/templates/shared/docs/frontend/2-CSS/0-CSS 적용 방법.md",
  "tags": [],
  "version": "current",
  "sidebarPosition": 0,
  "frontMatter": {},
  "sidebar": "frontend",
  "previous": {
    "title": "블록 / 인라인 레벨 요소",
    "permalink": "/TIL/docs/frontend/HTML/블록 인라인 레벨 요소"
  },
  "next": {
    "title": "CSS 선택자",
    "permalink": "/TIL/docs/frontend/CSS/CSS 선택자"
  }
}