{
  "unversionedId": "frontend/HTML/블록 인라인 레벨 요소",
  "id": "frontend/HTML/블록 인라인 레벨 요소",
  "title": "블록 / 인라인 레벨 요소",
  "description": "block",
  "source": "@site/docs/frontend/1-HTML/5-블록 인라인 레벨 요소.md",
  "sourceDirName": "frontend/1-HTML",
  "slug": "/frontend/HTML/블록 인라인 레벨 요소",
  "permalink": "/TIL/docs/frontend/HTML/블록 인라인 레벨 요소",
  "draft": false,
  "editUrl": "https://github.com/facebook/docusaurus/tree/main/packages/create-docusaurus/templates/shared/docs/frontend/1-HTML/5-블록 인라인 레벨 요소.md",
  "tags": [],
  "version": "current",
  "sidebarPosition": 5,
  "frontMatter": {},
  "sidebar": "frontend",
  "previous": {
    "title": "목록 태그",
    "permalink": "/TIL/docs/frontend/HTML/목록 태그"
  },
  "next": {
    "title": "CSS 기본",
    "permalink": "/TIL/docs/frontend/CSS/CSS 적용 방법"
  }
}