{
  "unversionedId": "frontend/typescript/타입",
  "id": "frontend/typescript/타입",
  "title": "타입",
  "description": "타입",
  "source": "@site/docs/frontend/typescript/01-타입.md",
  "sourceDirName": "frontend/typescript",
  "slug": "/frontend/typescript/타입",
  "permalink": "/TIL/docs/frontend/typescript/타입",
  "draft": false,
  "editUrl": "https://github.com/facebook/docusaurus/tree/main/packages/create-docusaurus/templates/shared/docs/frontend/typescript/01-타입.md",
  "tags": [],
  "version": "current",
  "sidebarPosition": 1,
  "frontMatter": {},
  "sidebar": "frontend",
  "previous": {
    "title": "타입시스템",
    "permalink": "/TIL/docs/frontend/typescript/타입시스템"
  }
}