{
  "unversionedId": "frontend/HTML/HTML 문서 구조",
  "id": "frontend/HTML/HTML 문서 구조",
  "title": "HTML 문서 구조",
  "description": "asdf",
  "source": "@site/docs/frontend/HTML/0-HTML 문서 구조.md",
  "sourceDirName": "frontend/HTML",
  "slug": "/frontend/HTML/HTML 문서 구조",
  "permalink": "/TIL/docs/frontend/HTML/HTML 문서 구조",
  "draft": false,
  "editUrl": "https://github.com/facebook/docusaurus/tree/main/packages/create-docusaurus/templates/shared/docs/frontend/HTML/0-HTML 문서 구조.md",
  "tags": [],
  "version": "current",
  "sidebarPosition": 0,
  "frontMatter": {},
  "sidebar": "frontend",
  "previous": {
    "title": "asdf",
    "permalink": "/TIL/docs/frontend/CSS/asdf"
  },
  "next": {
    "title": "함수",
    "permalink": "/TIL/docs/frontend/javascript/함수"
  }
}