{
  "unversionedId": "frontend/CSS/CSS Box 모델",
  "id": "frontend/CSS/CSS Box 모델",
  "title": "CSS Box 모델",
  "description": "box",
  "source": "@site/docs/frontend/2-CSS/5-CSS Box 모델.md",
  "sourceDirName": "frontend/2-CSS",
  "slug": "/frontend/CSS/CSS Box 모델",
  "permalink": "/TIL/docs/frontend/CSS/CSS Box 모델",
  "draft": false,
  "editUrl": "https://github.com/facebook/docusaurus/tree/main/packages/create-docusaurus/templates/shared/docs/frontend/2-CSS/5-CSS Box 모델.md",
  "tags": [],
  "version": "current",
  "sidebarPosition": 5,
  "frontMatter": {},
  "sidebar": "frontend",
  "previous": {
    "title": "텍스트 꾸미기",
    "permalink": "/TIL/docs/frontend/CSS/텍스트 꾸미기"
  },
  "next": {
    "title": "display",
    "permalink": "/TIL/docs/frontend/CSS/display 속성"
  }
}