{
  "unversionedId": "frontend/CSS/CSS 단위",
  "id": "frontend/CSS/CSS 단위",
  "title": "단위",
  "description": "절대 길이 단위",
  "source": "@site/docs/frontend/2-CSS/3-CSS 단위.md",
  "sourceDirName": "frontend/2-CSS",
  "slug": "/frontend/CSS/CSS 단위",
  "permalink": "/TIL/docs/frontend/CSS/CSS 단위",
  "draft": false,
  "editUrl": "https://github.com/facebook/docusaurus/tree/main/packages/create-docusaurus/templates/shared/docs/frontend/2-CSS/3-CSS 단위.md",
  "tags": [],
  "version": "current",
  "sidebarPosition": 3,
  "frontMatter": {},
  "sidebar": "frontend",
  "previous": {
    "title": "가상 클래스 선택자",
    "permalink": "/TIL/docs/frontend/CSS/가상 클래스 선택자"
  },
  "next": {
    "title": "텍스트 꾸미기",
    "permalink": "/TIL/docs/frontend/CSS/텍스트 꾸미기"
  }
}