{
  "unversionedId": "frontend/intro",
  "id": "frontend/intro",
  "title": "intro",
  "description": "Create a doc page with rich content.",
  "source": "@site/docs/frontend/intro.md",
  "sourceDirName": "frontend",
  "slug": "/frontend/intro",
  "permalink": "/TIL/docs/frontend/intro",
  "draft": false,
  "editUrl": "https://github.com/facebook/docusaurus/tree/main/packages/create-docusaurus/templates/shared/docs/frontend/intro.md",
  "tags": [],
  "version": "current",
  "frontMatter": {
    "description": "Create a doc page with rich content."
  },
  "sidebar": "frontend",
  "previous": {
    "title": "HTML 문서 구조",
    "permalink": "/TIL/docs/frontend/HTML/HTML 문서 구조"
  },
  "next": {
    "title": "함수",
    "permalink": "/TIL/docs/frontend/javascript/함수"
  }
}