{
  "unversionedId": "frontend/HTML/HTML 문서 구조",
  "id": "frontend/HTML/HTML 문서 구조",
  "title": "HTML 문서 구조",
  "description": "Intro",
  "source": "@site/docs/frontend/2-HTML/0-HTML 문서 구조.md",
  "sourceDirName": "frontend/2-HTML",
  "slug": "/frontend/HTML/HTML 문서 구조",
  "permalink": "/TIL/docs/frontend/HTML/HTML 문서 구조",
  "draft": false,
  "editUrl": "https://github.com/facebook/docusaurus/tree/main/packages/create-docusaurus/templates/shared/docs/frontend/2-HTML/0-HTML 문서 구조.md",
  "tags": [],
  "version": "current",
  "sidebarPosition": 0,
  "frontMatter": {},
  "sidebar": "frontend",
  "previous": {
    "title": "CSS 선택자",
    "permalink": "/TIL/docs/frontend/CSS/CSS 선택자"
  },
  "next": {
    "title": "텍스트 태그",
    "permalink": "/TIL/docs/frontend/HTML/텍스트 태그"
  }
}