{
  "unversionedId": "frontend/Javascript/함수",
  "id": "frontend/Javascript/함수",
  "title": "함수",
  "description": "함수",
  "source": "@site/docs/frontend/2-Javascript/05-함수.md",
  "sourceDirName": "frontend/2-Javascript",
  "slug": "/frontend/Javascript/함수",
  "permalink": "/TIL/docs/frontend/Javascript/함수",
  "draft": false,
  "editUrl": "https://github.com/facebook/docusaurus/tree/main/packages/create-docusaurus/templates/shared/docs/frontend/2-Javascript/05-함수.md",
  "tags": [],
  "version": "current",
  "sidebarPosition": 5,
  "frontMatter": {},
  "sidebar": "frontend",
  "previous": {
    "title": "HTML 문서 구조",
    "permalink": "/TIL/docs/frontend/HTML/HTML 문서 구조"
  },
  "next": {
    "title": "타입시스템",
    "permalink": "/TIL/docs/frontend/Typescript/타입시스템"
  }
}