{
  "pluginId": "default",
  "version": "current",
  "label": "Next",
  "banner": null,
  "badge": false,
  "noIndex": false,
  "className": "docs-version-current",
  "isLast": true,
  "docsSidebars": {
    "frontend": [
      {
        "type": "link",
        "label": "intro",
        "href": "/TIL/docs/frontend/intro",
        "docId": "frontend/intro"
      },
      {
        "type": "category",
        "label": "HTML",
        "collapsible": true,
        "collapsed": true,
        "items": [
          {
            "type": "link",
            "label": "HTML 문서 구조",
            "href": "/TIL/docs/frontend/HTML/HTML 문서 구조",
            "docId": "frontend/HTML/HTML 문서 구조"
          },
          {
            "type": "link",
            "label": "텍스트 태그",
            "href": "/TIL/docs/frontend/HTML/텍스트 태그",
            "docId": "frontend/HTML/텍스트 태그"
          },
          {
            "type": "link",
            "label": "목록 태그",
            "href": "/TIL/docs/frontend/HTML/목록 태그",
            "docId": "frontend/HTML/목록 태그"
          },
          {
            "type": "link",
            "label": "블록 / 인라인 레벨 요소",
            "href": "/TIL/docs/frontend/HTML/블록 인라인 레벨 요소",
            "docId": "frontend/HTML/블록 인라인 레벨 요소"
          }
        ]
      },
      {
        "type": "category",
        "label": "CSS",
        "collapsible": true,
        "collapsed": true,
        "items": [
          {
            "type": "link",
            "label": "CSS 기본",
            "href": "/TIL/docs/frontend/CSS/CSS 적용 방법",
            "docId": "frontend/CSS/CSS 적용 방법"
          },
          {
            "type": "link",
            "label": "CSS 선택자",
            "href": "/TIL/docs/frontend/CSS/CSS 선택자",
            "docId": "frontend/CSS/CSS 선택자"
          },
          {
            "type": "link",
            "label": "가상 클래스 선택자",
            "href": "/TIL/docs/frontend/CSS/가상 클래스 선택자",
            "docId": "frontend/CSS/가상 클래스 선택자"
          },
          {
            "type": "link",
            "label": "단위",
            "href": "/TIL/docs/frontend/CSS/CSS 단위",
            "docId": "frontend/CSS/CSS 단위"
          },
          {
            "type": "link",
            "label": "텍스트 꾸미기",
            "href": "/TIL/docs/frontend/CSS/텍스트 꾸미기",
            "docId": "frontend/CSS/텍스트 꾸미기"
          },
          {
            "type": "link",
            "label": "CSS Box 모델",
            "href": "/TIL/docs/frontend/CSS/CSS Box 모델",
            "docId": "frontend/CSS/CSS Box 모델"
          },
          {
            "type": "link",
            "label": "display",
            "href": "/TIL/docs/frontend/CSS/display 속성",
            "docId": "frontend/CSS/display 속성"
          },
          {
            "type": "link",
            "label": "position",
            "href": "/TIL/docs/frontend/CSS/position 속성",
            "docId": "frontend/CSS/position 속성"
          },
          {
            "type": "link",
            "label": "Flex",
            "href": "/TIL/docs/frontend/CSS/Flex",
            "docId": "frontend/CSS/Flex"
          },
          {
            "type": "link",
            "label": "Grid",
            "href": "/TIL/docs/frontend/CSS/Grid",
            "docId": "frontend/CSS/Grid"
          },
          {
            "type": "link",
            "label": "SVG",
            "href": "/TIL/docs/frontend/CSS/SVG",
            "docId": "frontend/CSS/SVG"
          }
        ]
      },
      {
        "type": "category",
        "label": "Javascript",
        "collapsible": true,
        "collapsed": true,
        "items": [
          {
            "type": "link",
            "label": "함수",
            "href": "/TIL/docs/frontend/Javascript/함수",
            "docId": "frontend/Javascript/함수"
          }
        ]
      },
      {
        "type": "category",
        "label": "Typescript",
        "collapsible": true,
        "collapsed": true,
        "items": [
          {
            "type": "link",
            "label": "타입시스템",
            "href": "/TIL/docs/frontend/Typescript/타입시스템",
            "docId": "frontend/Typescript/타입시스템"
          },
          {
            "type": "link",
            "label": "타입",
            "href": "/TIL/docs/frontend/Typescript/타입",
            "docId": "frontend/Typescript/타입"
          }
        ]
      }
    ]
  },
  "docs": {
    "frontend/CSS/가상 클래스 선택자": {
      "id": "frontend/CSS/가상 클래스 선택자",
      "title": "가상 클래스 선택자",
      "description": "동적 가상 클래스",
      "sidebar": "frontend"
    },
    "frontend/CSS/텍스트 꾸미기": {
      "id": "frontend/CSS/텍스트 꾸미기",
      "title": "텍스트 꾸미기",
      "description": "색상 - color",
      "sidebar": "frontend"
    },
    "frontend/CSS/CSS 단위": {
      "id": "frontend/CSS/CSS 단위",
      "title": "단위",
      "description": "절대 길이 단위",
      "sidebar": "frontend"
    },
    "frontend/CSS/CSS 선택자": {
      "id": "frontend/CSS/CSS 선택자",
      "title": "CSS 선택자",
      "description": "전체 선택자",
      "sidebar": "frontend"
    },
    "frontend/CSS/CSS 적용 방법": {
      "id": "frontend/CSS/CSS 적용 방법",
      "title": "CSS 기본",
      "description": "Intro",
      "sidebar": "frontend"
    },
    "frontend/CSS/CSS Box 모델": {
      "id": "frontend/CSS/CSS Box 모델",
      "title": "CSS Box 모델",
      "description": "box",
      "sidebar": "frontend"
    },
    "frontend/CSS/display 속성": {
      "id": "frontend/CSS/display 속성",
      "title": "display",
      "description": "block",
      "sidebar": "frontend"
    },
    "frontend/CSS/Flex": {
      "id": "frontend/CSS/Flex",
      "title": "Flex",
      "description": "- Flexible Box 의 약어이다.",
      "sidebar": "frontend"
    },
    "frontend/CSS/Grid": {
      "id": "frontend/CSS/Grid",
      "title": "Grid",
      "description": "- 두 방향 (x, y축) 2차원 레이아웃 시스템이다.",
      "sidebar": "frontend"
    },
    "frontend/CSS/position 속성": {
      "id": "frontend/CSS/position 속성",
      "title": "position",
      "description": "- HTML 문서 상에서 태그를 배치하는 방법을 지정",
      "sidebar": "frontend"
    },
    "frontend/CSS/SVG": {
      "id": "frontend/CSS/SVG",
      "title": "SVG",
      "description": "- 확장 가능한 벡터 그래픽이다. (Scalable Vector Graphics)",
      "sidebar": "frontend"
    },
    "frontend/HTML/목록 태그": {
      "id": "frontend/HTML/목록 태그",
      "title": "목록 태그",
      "description": "li 태그",
      "sidebar": "frontend"
    },
    "frontend/HTML/블록 인라인 레벨 요소": {
      "id": "frontend/HTML/블록 인라인 레벨 요소",
      "title": "블록 / 인라인 레벨 요소",
      "description": "block",
      "sidebar": "frontend"
    },
    "frontend/HTML/텍스트 태그": {
      "id": "frontend/HTML/텍스트 태그",
      "title": "텍스트 태그",
      "description": "Heading 태그",
      "sidebar": "frontend"
    },
    "frontend/HTML/HTML 문서 구조": {
      "id": "frontend/HTML/HTML 문서 구조",
      "title": "HTML 문서 구조",
      "description": "Intro",
      "sidebar": "frontend"
    },
    "frontend/intro": {
      "id": "frontend/intro",
      "title": "intro",
      "description": "Create a doc page with rich content.",
      "sidebar": "frontend"
    },
    "frontend/Javascript/함수": {
      "id": "frontend/Javascript/함수",
      "title": "함수",
      "description": "함수",
      "sidebar": "frontend"
    },
    "frontend/Typescript/타입": {
      "id": "frontend/Typescript/타입",
      "title": "타입",
      "description": "타입",
      "sidebar": "frontend"
    },
    "frontend/Typescript/타입시스템": {
      "id": "frontend/Typescript/타입시스템",
      "title": "타입시스템",
      "description": "타입 시스템",
      "sidebar": "frontend"
    }
  }
}