{
  "docusaurus-plugin-content-docs": {
    "default": {
      "path": "/TIL/docs",
      "versions": [
        {
          "name": "current",
          "label": "Next",
          "isLast": true,
          "path": "/TIL/docs",
          "mainDocId": "frontend/intro",
          "docs": [
            {
              "id": "frontend/CSS/가상 클래스 선택자",
              "path": "/TIL/docs/frontend/CSS/가상 클래스 선택자",
              "sidebar": "frontend"
            },
            {
              "id": "frontend/CSS/텍스트 꾸미기",
              "path": "/TIL/docs/frontend/CSS/텍스트 꾸미기",
              "sidebar": "frontend"
            },
            {
              "id": "frontend/CSS/CSS 단위",
              "path": "/TIL/docs/frontend/CSS/CSS 단위",
              "sidebar": "frontend"
            },
            {
              "id": "frontend/CSS/CSS 선택자",
              "path": "/TIL/docs/frontend/CSS/CSS 선택자",
              "sidebar": "frontend"
            },
            {
              "id": "frontend/CSS/CSS 적용 방법",
              "path": "/TIL/docs/frontend/CSS/CSS 적용 방법",
              "sidebar": "frontend"
            },
            {
              "id": "frontend/CSS/CSS Box 모델",
              "path": "/TIL/docs/frontend/CSS/CSS Box 모델",
              "sidebar": "frontend"
            },
            {
              "id": "frontend/CSS/display 속성",
              "path": "/TIL/docs/frontend/CSS/display 속성",
              "sidebar": "frontend"
            },
            {
              "id": "frontend/CSS/Flex",
              "path": "/TIL/docs/frontend/CSS/Flex",
              "sidebar": "frontend"
            },
            {
              "id": "frontend/CSS/Grid",
              "path": "/TIL/docs/frontend/CSS/Grid",
              "sidebar": "frontend"
            },
            {
              "id": "frontend/CSS/position 속성",
              "path": "/TIL/docs/frontend/CSS/position 속성",
              "sidebar": "frontend"
            },
            {
              "id": "frontend/CSS/SVG",
              "path": "/TIL/docs/frontend/CSS/SVG",
              "sidebar": "frontend"
            },
            {
              "id": "frontend/HTML/목록 태그",
              "path": "/TIL/docs/frontend/HTML/목록 태그",
              "sidebar": "frontend"
            },
            {
              "id": "frontend/HTML/블록 인라인 레벨 요소",
              "path": "/TIL/docs/frontend/HTML/블록 인라인 레벨 요소",
              "sidebar": "frontend"
            },
            {
              "id": "frontend/HTML/텍스트 태그",
              "path": "/TIL/docs/frontend/HTML/텍스트 태그",
              "sidebar": "frontend"
            },
            {
              "id": "frontend/HTML/HTML 문서 구조",
              "path": "/TIL/docs/frontend/HTML/HTML 문서 구조",
              "sidebar": "frontend"
            },
            {
              "id": "frontend/intro",
              "path": "/TIL/docs/frontend/intro",
              "sidebar": "frontend"
            },
            {
              "id": "frontend/Javascript/함수",
              "path": "/TIL/docs/frontend/Javascript/함수",
              "sidebar": "frontend"
            },
            {
              "id": "frontend/Typescript/타입",
              "path": "/TIL/docs/frontend/Typescript/타입",
              "sidebar": "frontend"
            },
            {
              "id": "frontend/Typescript/타입시스템",
              "path": "/TIL/docs/frontend/Typescript/타입시스템",
              "sidebar": "frontend"
            }
          ],
          "draftIds": [],
          "sidebars": {
            "frontend": {
              "link": {
                "path": "/TIL/docs/frontend/intro",
                "label": "frontend/intro"
              }
            }
          }
        }
      ],
      "breadcrumbs": true
    }
  }
}