{
  "/TIL/__docusaurus/debug-e42": {
    "__comp": "__comp---theme-debug-config-23-a-2ff",
    "__context": {
      "plugin": "plugin---til-docusaurus-debug-0-c-1-6ef"
    }
  },
  "/TIL/__docusaurus/debug/config-853": {
    "__comp": "__comp---theme-debug-config-23-a-2ff",
    "__context": {
      "plugin": "plugin---til-docusaurus-debug-0-c-1-6ef"
    }
  },
  "/TIL/__docusaurus/debug/content-c9d": {
    "__comp": "__comp---theme-debug-contentba-8-ce7",
    "__context": {
      "plugin": "plugin---til-docusaurus-debug-0-c-1-6ef"
    },
    "allContent": "allContent---til-docusaurus-debug-content-246-151"
  },
  "/TIL/__docusaurus/debug/globalData-414": {
    "__comp": "__comp---theme-debug-global-dataede-0fa",
    "__context": {
      "plugin": "plugin---til-docusaurus-debug-0-c-1-6ef"
    }
  },
  "/TIL/__docusaurus/debug/metadata-eb0": {
    "__comp": "__comp---theme-debug-site-metadata-68-e-3d4",
    "__context": {
      "plugin": "plugin---til-docusaurus-debug-0-c-1-6ef"
    }
  },
  "/TIL/__docusaurus/debug/registry-68a": {
    "__comp": "__comp---theme-debug-registry-679-501",
    "__context": {
      "plugin": "plugin---til-docusaurus-debug-0-c-1-6ef"
    }
  },
  "/TIL/__docusaurus/debug/routes-7d9": {
    "__comp": "__comp---theme-debug-routes-946-699",
    "__context": {
      "plugin": "plugin---til-docusaurus-debug-0-c-1-6ef"
    }
  },
  "/TIL/docs-23a": {
    "__comp": "__comp---theme-doc-page-1-be-9be",
    "__context": {
      "plugin": "plugin---til-docsace-715"
    },
    "versionMetadata": "versionMetadata---til-docs-935-09b"
  },
  "/TIL/docs/frontend/CSS/가상 클래스 선택자-39e": {
    "__comp": "__comp---theme-doc-item-178-a40",
    "content": "content---til-docs-frontend-css-가상-클래스-선택자e-63-24e"
  },
  "/TIL/docs/frontend/CSS/텍스트 꾸미기-a89": {
    "__comp": "__comp---theme-doc-item-178-a40",
    "content": "content---til-docs-frontend-css-텍스트-꾸미기a-81-6f7"
  },
  "/TIL/docs/frontend/CSS/CSS 단위-ffb": {
    "__comp": "__comp---theme-doc-item-178-a40",
    "content": "content---til-docs-frontend-css-css-단위-734-e52"
  },
  "/TIL/docs/frontend/CSS/CSS 선택자-162": {
    "__comp": "__comp---theme-doc-item-178-a40",
    "content": "content---til-docs-frontend-css-css-선택자f-4-c-ce9"
  },
  "/TIL/docs/frontend/CSS/CSS 적용 방법-62a": {
    "__comp": "__comp---theme-doc-item-178-a40",
    "content": "content---til-docs-frontend-css-css-적용-방법-22-c-71f"
  },
  "/TIL/docs/frontend/CSS/CSS Box 모델-ef3": {
    "__comp": "__comp---theme-doc-item-178-a40",
    "content": "content---til-docs-frontend-css-css-box-모델bd-3-9a1"
  },
  "/TIL/docs/frontend/CSS/display 속성-41f": {
    "__comp": "__comp---theme-doc-item-178-a40",
    "content": "content---til-docs-frontend-css-display-속성e-01-00b"
  },
  "/TIL/docs/frontend/CSS/Flex-590": {
    "__comp": "__comp---theme-doc-item-178-a40",
    "content": "content---til-docs-frontend-css-flexbc-6-bb3"
  },
  "/TIL/docs/frontend/CSS/Grid-1a7": {
    "__comp": "__comp---theme-doc-item-178-a40",
    "content": "content---til-docs-frontend-css-grid-532-51f"
  },
  "/TIL/docs/frontend/CSS/position 속성-8c3": {
    "__comp": "__comp---theme-doc-item-178-a40",
    "content": "content---til-docs-frontend-css-position-속성-7-cd-8fc"
  },
  "/TIL/docs/frontend/CSS/SVG-3aa": {
    "__comp": "__comp---theme-doc-item-178-a40",
    "content": "content---til-docs-frontend-css-sv-gf-0-b-63b"
  },
  "/TIL/docs/frontend/HTML/목록 태그-ab5": {
    "__comp": "__comp---theme-doc-item-178-a40",
    "content": "content---til-docs-frontend-html-목록-태그-6-de-994"
  },
  "/TIL/docs/frontend/HTML/블록 인라인 레벨 요소-9b0": {
    "__comp": "__comp---theme-doc-item-178-a40",
    "content": "content---til-docs-frontend-html-블록-인라인-레벨-요소b-2-f-29e"
  },
  "/TIL/docs/frontend/HTML/텍스트 태그-ee5": {
    "__comp": "__comp---theme-doc-item-178-a40",
    "content": "content---til-docs-frontend-html-텍스트-태그-5-c-0-b47"
  },
  "/TIL/docs/frontend/HTML/HTML 문서 구조-264": {
    "__comp": "__comp---theme-doc-item-178-a40",
    "content": "content---til-docs-frontend-html-html-문서-구조-338-fc8"
  },
  "/TIL/docs/frontend/intro-4b9": {
    "__comp": "__comp---theme-doc-item-178-a40",
    "content": "content---til-docs-frontend-intro-9-f-2-5ac"
  },
  "/TIL/docs/frontend/Javascript/함수-d05": {
    "__comp": "__comp---theme-doc-item-178-a40",
    "content": "content---til-docs-frontend-javascript-함수d-1-e-453"
  },
  "/TIL/docs/frontend/Typescript/타입-aea": {
    "__comp": "__comp---theme-doc-item-178-a40",
    "content": "content---til-docs-frontend-typescript-타입dfa-994"
  },
  "/TIL/docs/frontend/Typescript/타입시스템-147": {
    "__comp": "__comp---theme-doc-item-178-a40",
    "content": "content---til-docs-frontend-typescript-타입시스템-11-d-722"
  },
  "/TIL/-8e1": {
    "__comp": "__comp---site-src-pages-index-tsx-1-df-d3e",
    "__context": {
      "plugin": "plugin---til-e-26-f08"
    },
    "config": "config---til-5-e-9-d16"
  }
}