{
  "docusaurusVersion": "2.3.1",
  "siteVersion": "0.0.0",
  "pluginVersions": {
    "docusaurus-plugin-content-docs": {
      "type": "package",
      "name": "@docusaurus/plugin-content-docs",
      "version": "2.3.1"
    },
    "docusaurus-plugin-content-blog": {
      "type": "package",
      "name": "@docusaurus/plugin-content-blog",
      "version": "2.3.1"
    },
    "docusaurus-plugin-content-pages": {
      "type": "package",
      "name": "@docusaurus/plugin-content-pages",
      "version": "2.3.1"
    },
    "docusaurus-plugin-debug": {
      "type": "package",
      "name": "@docusaurus/plugin-debug",
      "version": "2.3.1"
    },
    "docusaurus-theme-classic": {
      "type": "package",
      "name": "@docusaurus/theme-classic",
      "version": "2.3.1"
    }
  }
}